NAME1,NAME2,NAME3,id,数据仓库,图层,dataType,resolution,zip_level,others,Absolute_path,Absolute_path_server,wmts,note
土地覆盖数据,低分辨率土地覆盖数据,modis土地覆盖,MODIS_Landcover,landcover100_resample_china,MODIS_LANDCOVER2005,byte,500,10,3,,,https://geoserver.landcover100.com/geoserver/landcover100_resample_china/gwc/service/wmts?layer=landcover100_resample_china%3AMODIS_LANDCOVER2005&style=&tilematrixset=WebMercatorQuad&Service=WMTS&Request=GetTile&Version=1.0.0&Format=image%2Fjpeg&TileMatrix=6&TileCol=47&TileRow=24,
土地覆盖数据,低分辨率土地覆盖数据,modis土地覆盖,modis2001,landcover100_resample_china,MODIS_LANDCOVER2005,byte,500,10,3,F:/landcover100_com_DB/Land_Cover/low_resolution/MODIS_landcover/MODIS_LANDCOVER2001.tif,/mnt/yundisk/landcover100DB/Land_Cover/low_resolution/MODIS_landcover/MODIS_LANDCOVER2001.tif,,
土地覆盖数据,低分辨率土地覆盖数据,modis土地覆盖,modis2002,landcover100_resample_china,MODIS_LANDCOVER2005,byte,500,10,3,F:/landcover100_com_DB/Land_Cover/low_resolution/MODIS_landcover/MODIS_LANDCOVER2002.tif,/mnt/yundisk/landcover100DB/Land_Cover/low_resolution/MODIS_landcover/MODIS_LANDCOVER2002.tif,,
土地覆盖数据,低分辨率土地覆盖数据,modis土地覆盖,modis2003,landcover100_resample_china,MODIS_LANDCOVER2005,byte,500,10,3,F:/landcover100_com_DB/Land_Cover/low_resolution/MODIS_landcover/MODIS_LANDCOVER2003.tif,/mnt/yundisk/landcover100DB/Land_Cover/low_resolution/MODIS_landcover/MODIS_LANDCOVER2003.tif,,
土地覆盖数据,低分辨率土地覆盖数据,modis土地覆盖,modis2004,landcover100_resample_china,MODIS_LANDCOVER2005,byte,500,10,3,F:/landcover100_com_DB/Land_Cover/low_resolution/MODIS_landcover/MODIS_LANDCOVER2004.tif,/mnt/yundisk/landcover100DB/Land_Cover/low_resolution/MODIS_landcover/MODIS_LANDCOVER2004.tif,,
土地覆盖数据,低分辨率土地覆盖数据,modis土地覆盖,modis2005,landcover100_resample_china,MODIS_LANDCOVER2005,byte,500,10,3,F:/landcover100_com_DB/Land_Cover/low_resolution/MODIS_landcover/MODIS_LANDCOVER2005.tif,/mnt/yundisk/landcover100DB/Land_Cover/low_resolution/MODIS_landcover/MODIS_LANDCOVER2005.tif,,
土地覆盖数据,低分辨率土地覆盖数据,modis土地覆盖,modis2006,landcover100_resample_china,MODIS_LANDCOVER2005,byte,500,10,3,F:/landcover100_com_DB/Land_Cover/low_resolution/MODIS_landcover/MODIS_LANDCOVER2006.tif,/mnt/yundisk/landcover100DB/Land_Cover/low_resolution/MODIS_landcover/MODIS_LANDCOVER2006.tif,,
土地覆盖数据,低分辨率土地覆盖数据,modis土地覆盖,modis2007,landcover100_resample_china,MODIS_LANDCOVER2005,byte,500,10,3,F:/landcover100_com_DB/Land_Cover/low_resolution/MODIS_landcover/MODIS_LANDCOVER2007.tif,/mnt/yundisk/landcover100DB/Land_Cover/low_resolution/MODIS_landcover/MODIS_LANDCOVER2007.tif,,
土地覆盖数据,低分辨率土地覆盖数据,modis土地覆盖,modis2008,landcover100_resample_china,MODIS_LANDCOVER2005,byte,500,10,3,F:/landcover100_com_DB/Land_Cover/low_resolution/MODIS_landcover/MODIS_LANDCOVER2008.tif,/mnt/yundisk/landcover100DB/Land_Cover/low_resolution/MODIS_landcover/MODIS_LANDCOVER2008.tif,,
土地覆盖数据,低分辨率土地覆盖数据,modis土地覆盖,modis2009,landcover100_resample_china,MODIS_LANDCOVER2005,byte,500,10,3,F:/landcover100_com_DB/Land_Cover/low_resolution/MODIS_landcover/MODIS_LANDCOVER2009.tif,/mnt/yundisk/landcover100DB/Land_Cover/low_resolution/MODIS_landcover/MODIS_LANDCOVER2009.tif,,
土地覆盖数据,低分辨率土地覆盖数据,modis土地覆盖,modis2010,landcover100_resample_china,MODIS_LANDCOVER2005,byte,500,10,3,F:/landcover100_com_DB/Land_Cover/low_resolution/MODIS_landcover/MODIS_LANDCOVER2010.tif,/mnt/yundisk/landcover100DB/Land_Cover/low_resolution/MODIS_landcover/MODIS_LANDCOVER2010.tif,,
土地覆盖数据,低分辨率土地覆盖数据,modis土地覆盖,modis2011,landcover100_resample_china,MODIS_LANDCOVER2005,byte,500,10,3,F:/landcover100_com_DB/Land_Cover/low_resolution/MODIS_landcover/MODIS_LANDCOVER2011.tif,/mnt/yundisk/landcover100DB/Land_Cover/low_resolution/MODIS_landcover/MODIS_LANDCOVER2011.tif,,
土地覆盖数据,低分辨率土地覆盖数据,modis土地覆盖,modis2012,landcover100_resample_china,MODIS_LANDCOVER2005,byte,500,10,3,F:/landcover100_com_DB/Land_Cover/low_resolution/MODIS_landcover/MODIS_LANDCOVER2012.tif,/mnt/yundisk/landcover100DB/Land_Cover/low_resolution/MODIS_landcover/MODIS_LANDCOVER2012.tif,,
土地覆盖数据,低分辨率土地覆盖数据,modis土地覆盖,modis2013,landcover100_resample_china,MODIS_LANDCOVER2005,byte,500,10,3,F:/landcover100_com_DB/Land_Cover/low_resolution/MODIS_landcover/MODIS_LANDCOVER2013.tif,/mnt/yundisk/landcover100DB/Land_Cover/low_resolution/MODIS_landcover/MODIS_LANDCOVER2013.tif,,
土地覆盖数据,低分辨率土地覆盖数据,modis土地覆盖,modis2014,landcover100_resample_china,MODIS_LANDCOVER2005,byte,500,10,3,F:/landcover100_com_DB/Land_Cover/low_resolution/MODIS_landcover/MODIS_LANDCOVER2014.tif,/mnt/yundisk/landcover100DB/Land_Cover/low_resolution/MODIS_landcover/MODIS_LANDCOVER2014.tif,,
土地覆盖数据,低分辨率土地覆盖数据,modis土地覆盖,modis2015,landcover100_resample_china,MODIS_LANDCOVER2005,byte,500,10,3,F:/landcover100_com_DB/Land_Cover/low_resolution/MODIS_landcover/MODIS_LANDCOVER2015.tif,/mnt/yundisk/landcover100DB/Land_Cover/low_resolution/MODIS_landcover/MODIS_LANDCOVER2015.tif,,
土地覆盖数据,低分辨率土地覆盖数据,modis土地覆盖,modis2016,landcover100_resample_china,MODIS_LANDCOVER2005,byte,500,10,3,F:/landcover100_com_DB/Land_Cover/low_resolution/MODIS_landcover/MODIS_LANDCOVER2016.tif,/mnt/yundisk/landcover100DB/Land_Cover/low_resolution/MODIS_landcover/MODIS_LANDCOVER2016.tif,,
土地覆盖数据,低分辨率土地覆盖数据,modis土地覆盖,modis2017,landcover100_resample_china,MODIS_LANDCOVER2005,byte,500,10,3,F:/landcover100_com_DB/Land_Cover/low_resolution/MODIS_landcover/MODIS_LANDCOVER2017.tif,/mnt/yundisk/landcover100DB/Land_Cover/low_resolution/MODIS_landcover/MODIS_LANDCOVER2017.tif,,
土地覆盖数据,低分辨率土地覆盖数据,modis土地覆盖,modis2018,landcover100_resample_china,MODIS_LANDCOVER2005,byte,500,10,3,F:/landcover100_com_DB/Land_Cover/low_resolution/MODIS_landcover/MODIS_LANDCOVER2018.tif,/mnt/yundisk/landcover100DB/Land_Cover/low_resolution/MODIS_landcover/MODIS_LANDCOVER2018.tif,,
土地覆盖数据,低分辨率土地覆盖数据,modis土地覆盖,modis2019,landcover100_resample_china,MODIS_LANDCOVER2005,byte,500,10,3,F:/landcover100_com_DB/Land_Cover/low_resolution/MODIS_landcover/MODIS_LANDCOVER2019.tif,/mnt/yundisk/landcover100DB/Land_Cover/low_resolution/MODIS_landcover/MODIS_LANDCOVER2019.tif,,
土地覆盖数据,低分辨率土地覆盖数据,modis土地覆盖,modis2020,landcover100_resample_china,MODIS_LANDCOVER2005,byte,500,10,3,F:/landcover100_com_DB/Land_Cover/low_resolution/MODIS_landcover/MODIS_LANDCOVER2020.tif,/mnt/yundisk/landcover100DB/Land_Cover/low_resolution/MODIS_landcover/MODIS_LANDCOVER2020.tif,,
土地覆盖数据,低分辨率土地覆盖数据,ESA_CCI土地覆盖,ESA_CCI,landcover100_resample_china,ESA_CCI,byte,300,20,3,,,https://geoserver.landcover100.com/geoserver/landcover100_resample_china/gwc/service/wmts?layer=landcover100_resample_china%3A2020_v2.1.1_ESA_CCI&style=&tilematrixset=WebMercatorQuad&Service=WMTS&Request=GetTile&Version=1.0.0&Format=image%2Fjpeg&TileMatrix=5&TileCol=24&TileRow=12,
土地覆盖数据,低分辨率土地覆盖数据,ESA_CCI土地覆盖,ESA_CCI_1992,landcover100_resample_china,ESA_CCI,byte,300,20,3,F:/landcover100_com_DB/Land_Cover/low_resolution/ESA_CCI_300m/china_esa_cci/1992_v2.0.7_ESA_CCI.tif,/mnt/yundisk/landcover100DB/Land_Cover/low_resolution/ESA_CCI_300m/1992_v2.0.7_ESA_CCI.tif,,
土地覆盖数据,低分辨率土地覆盖数据,ESA_CCI土地覆盖,ESA_CCI_1993,landcover100_resample_china,ESA_CCI,byte,300,20,3,F:/landcover100_com_DB/Land_Cover/low_resolution/ESA_CCI_300m/china_esa_cci/1993_v2.0.7_ESA_CCI.tif,/mnt/yundisk/landcover100DB/Land_Cover/low_resolution/ESA_CCI_300m/1993_v2.0.7_ESA_CCI.tif,,
土地覆盖数据,低分辨率土地覆盖数据,ESA_CCI土地覆盖,ESA_CCI_1994,landcover100_resample_china,ESA_CCI,byte,300,20,3,F:/landcover100_com_DB/Land_Cover/low_resolution/ESA_CCI_300m/china_esa_cci/1994_v2.0.7_ESA_CCI.tif,/mnt/yundisk/landcover100DB/Land_Cover/low_resolution/ESA_CCI_300m/1994_v2.0.7_ESA_CCI.tif,,
土地覆盖数据,低分辨率土地覆盖数据,ESA_CCI土地覆盖,ESA_CCI_1995,landcover100_resample_china,ESA_CCI,byte,300,20,3,F:/landcover100_com_DB/Land_Cover/low_resolution/ESA_CCI_300m/china_esa_cci/1995_v2.0.7_ESA_CCI.tif,/mnt/yundisk/landcover100DB/Land_Cover/low_resolution/ESA_CCI_300m/1995_v2.0.7_ESA_CCI.tif,,
土地覆盖数据,低分辨率土地覆盖数据,ESA_CCI土地覆盖,ESA_CCI_1996,landcover100_resample_china,ESA_CCI,byte,300,20,3,F:/landcover100_com_DB/Land_Cover/low_resolution/ESA_CCI_300m/china_esa_cci/1996_v2.0.7_ESA_CCI.tif,/mnt/yundisk/landcover100DB/Land_Cover/low_resolution/ESA_CCI_300m/1996_v2.0.7_ESA_CCI.tif,,
土地覆盖数据,低分辨率土地覆盖数据,ESA_CCI土地覆盖,ESA_CCI_1997,landcover100_resample_china,ESA_CCI,byte,300,20,3,F:/landcover100_com_DB/Land_Cover/low_resolution/ESA_CCI_300m/china_esa_cci/1997_v2.0.7_ESA_CCI.tif,/mnt/yundisk/landcover100DB/Land_Cover/low_resolution/ESA_CCI_300m/1997_v2.0.7_ESA_CCI.tif,,
土地覆盖数据,低分辨率土地覆盖数据,ESA_CCI土地覆盖,ESA_CCI_1998,landcover100_resample_china,ESA_CCI,byte,300,20,3,F:/landcover100_com_DB/Land_Cover/low_resolution/ESA_CCI_300m/china_esa_cci/1998_v2.0.7_ESA_CCI.tif,/mnt/yundisk/landcover100DB/Land_Cover/low_resolution/ESA_CCI_300m/1998_v2.0.7_ESA_CCI.tif,,
土地覆盖数据,低分辨率土地覆盖数据,ESA_CCI土地覆盖,ESA_CCI_1999,landcover100_resample_china,ESA_CCI,byte,300,20,3,F:/landcover100_com_DB/Land_Cover/low_resolution/ESA_CCI_300m/china_esa_cci/1999_v2.0.7_ESA_CCI.tif,/mnt/yundisk/landcover100DB/Land_Cover/low_resolution/ESA_CCI_300m/1999_v2.0.7_ESA_CCI.tif,,
土地覆盖数据,低分辨率土地覆盖数据,ESA_CCI土地覆盖,ESA_CCI_2000,landcover100_resample_china,ESA_CCI,byte,300,20,3,F:/landcover100_com_DB/Land_Cover/low_resolution/ESA_CCI_300m/china_esa_cci/2000_v2.0.7_ESA_CCI.tif,/mnt/yundisk/landcover100DB/Land_Cover/low_resolution/ESA_CCI_300m/2000_v2.0.7_ESA_CCI.tif,,
土地覆盖数据,低分辨率土地覆盖数据,ESA_CCI土地覆盖,ESA_CCI_2001,landcover100_resample_china,ESA_CCI,byte,300,20,3,F:/landcover100_com_DB/Land_Cover/low_resolution/ESA_CCI_300m/china_esa_cci/2001_v2.0.7_ESA_CCI.tif,/mnt/yundisk/landcover100DB/Land_Cover/low_resolution/ESA_CCI_300m/2001_v2.0.7_ESA_CCI.tif,,
土地覆盖数据,低分辨率土地覆盖数据,ESA_CCI土地覆盖,ESA_CCI_2002,landcover100_resample_china,ESA_CCI,byte,300,20,3,F:/landcover100_com_DB/Land_Cover/low_resolution/ESA_CCI_300m/china_esa_cci/2002_v2.0.7_ESA_CCI.tif,/mnt/yundisk/landcover100DB/Land_Cover/low_resolution/ESA_CCI_300m/2002_v2.0.7_ESA_CCI.tif,,
土地覆盖数据,低分辨率土地覆盖数据,ESA_CCI土地覆盖,ESA_CCI_2003,landcover100_resample_china,ESA_CCI,byte,300,20,3,F:/landcover100_com_DB/Land_Cover/low_resolution/ESA_CCI_300m/china_esa_cci/2003_v2.0.7_ESA_CCI.tif,/mnt/yundisk/landcover100DB/Land_Cover/low_resolution/ESA_CCI_300m/2003_v2.0.7_ESA_CCI.tif,,
土地覆盖数据,低分辨率土地覆盖数据,ESA_CCI土地覆盖,ESA_CCI_2004,landcover100_resample_china,ESA_CCI,byte,300,20,3,F:/landcover100_com_DB/Land_Cover/low_resolution/ESA_CCI_300m/china_esa_cci/2004_v2.0.7_ESA_CCI.tif,/mnt/yundisk/landcover100DB/Land_Cover/low_resolution/ESA_CCI_300m/2004_v2.0.7_ESA_CCI.tif,,
土地覆盖数据,低分辨率土地覆盖数据,ESA_CCI土地覆盖,ESA_CCI_2005,landcover100_resample_china,ESA_CCI,byte,300,20,3,F:/landcover100_com_DB/Land_Cover/low_resolution/ESA_CCI_300m/china_esa_cci/2005_v2.0.7_ESA_CCI.tif,/mnt/yundisk/landcover100DB/Land_Cover/low_resolution/ESA_CCI_300m/2005_v2.0.7_ESA_CCI.tif,,
土地覆盖数据,低分辨率土地覆盖数据,ESA_CCI土地覆盖,ESA_CCI_2006,landcover100_resample_china,ESA_CCI,byte,300,20,3,F:/landcover100_com_DB/Land_Cover/low_resolution/ESA_CCI_300m/china_esa_cci/2006_v2.0.7_ESA_CCI.tif,/mnt/yundisk/landcover100DB/Land_Cover/low_resolution/ESA_CCI_300m/2006_v2.0.7_ESA_CCI.tif,,
土地覆盖数据,低分辨率土地覆盖数据,ESA_CCI土地覆盖,ESA_CCI_2007,landcover100_resample_china,ESA_CCI,byte,300,20,3,F:/landcover100_com_DB/Land_Cover/low_resolution/ESA_CCI_300m/china_esa_cci/2007_v2.0.7_ESA_CCI.tif,/mnt/yundisk/landcover100DB/Land_Cover/low_resolution/ESA_CCI_300m/2007_v2.0.7_ESA_CCI.tif,,
土地覆盖数据,低分辨率土地覆盖数据,ESA_CCI土地覆盖,ESA_CCI_2008,landcover100_resample_china,ESA_CCI,byte,300,20,3,F:/landcover100_com_DB/Land_Cover/low_resolution/ESA_CCI_300m/china_esa_cci/2008_v2.0.7_ESA_CCI.tif,/mnt/yundisk/landcover100DB/Land_Cover/low_resolution/ESA_CCI_300m/2008_v2.0.7_ESA_CCI.tif,,
土地覆盖数据,低分辨率土地覆盖数据,ESA_CCI土地覆盖,ESA_CCI_2009,landcover100_resample_china,ESA_CCI,byte,300,20,3,F:/landcover100_com_DB/Land_Cover/low_resolution/ESA_CCI_300m/china_esa_cci/2009_v2.0.7_ESA_CCI.tif,/mnt/yundisk/landcover100DB/Land_Cover/low_resolution/ESA_CCI_300m/2009_v2.0.7_ESA_CCI.tif,,
土地覆盖数据,低分辨率土地覆盖数据,ESA_CCI土地覆盖,ESA_CCI_2010,landcover100_resample_china,ESA_CCI,byte,300,20,3,F:/landcover100_com_DB/Land_Cover/low_resolution/ESA_CCI_300m/china_esa_cci/2010_v2.0.7_ESA_CCI.tif,/mnt/yundisk/landcover100DB/Land_Cover/low_resolution/ESA_CCI_300m/2010_v2.0.7_ESA_CCI.tif,,
土地覆盖数据,低分辨率土地覆盖数据,ESA_CCI土地覆盖,ESA_CCI_2011,landcover100_resample_china,ESA_CCI,byte,300,20,3,F:/landcover100_com_DB/Land_Cover/low_resolution/ESA_CCI_300m/china_esa_cci/2011_v2.0.7_ESA_CCI.tif,/mnt/yundisk/landcover100DB/Land_Cover/low_resolution/ESA_CCI_300m/2011_v2.0.7_ESA_CCI.tif,,
土地覆盖数据,低分辨率土地覆盖数据,ESA_CCI土地覆盖,ESA_CCI_2012,landcover100_resample_china,ESA_CCI,byte,300,20,3,F:/landcover100_com_DB/Land_Cover/low_resolution/ESA_CCI_300m/china_esa_cci/2012_v2.0.7_ESA_CCI.tif,/mnt/yundisk/landcover100DB/Land_Cover/low_resolution/ESA_CCI_300m/2012_v2.0.7_ESA_CCI.tif,,
土地覆盖数据,低分辨率土地覆盖数据,ESA_CCI土地覆盖,ESA_CCI_2013,landcover100_resample_china,ESA_CCI,byte,300,20,3,F:/landcover100_com_DB/Land_Cover/low_resolution/ESA_CCI_300m/china_esa_cci/2013_v2.0.7_ESA_CCI.tif,/mnt/yundisk/landcover100DB/Land_Cover/low_resolution/ESA_CCI_300m/2013_v2.0.7_ESA_CCI.tif,,
土地覆盖数据,低分辨率土地覆盖数据,ESA_CCI土地覆盖,ESA_CCI_2014,landcover100_resample_china,ESA_CCI,byte,300,20,3,F:/landcover100_com_DB/Land_Cover/low_resolution/ESA_CCI_300m/china_esa_cci/2014_v2.0.7_ESA_CCI.tif,/mnt/yundisk/landcover100DB/Land_Cover/low_resolution/ESA_CCI_300m/2014_v2.0.7_ESA_CCI.tif,,
土地覆盖数据,低分辨率土地覆盖数据,ESA_CCI土地覆盖,ESA_CCI_2015,landcover100_resample_china,ESA_CCI,byte,300,20,3,F:/landcover100_com_DB/Land_Cover/low_resolution/ESA_CCI_300m/china_esa_cci/2015_v2.0.7_ESA_CCI.tif,/mnt/yundisk/landcover100DB/Land_Cover/low_resolution/ESA_CCI_300m/2015_v2.0.7_ESA_CCI.tif,,
土地覆盖数据,低分辨率土地覆盖数据,ESA_CCI土地覆盖,ESA_CCI_2016,landcover100_resample_china,ESA_CCI,byte,300,20,3,F:/landcover100_com_DB/Land_Cover/low_resolution/ESA_CCI_300m/china_esa_cci/2016_v2.1.1_ESA_CCI.tif,/mnt/yundisk/landcover100DB/Land_Cover/low_resolution/ESA_CCI_300m/2016_v2.1.1_ESA_CCI.tif,,
土地覆盖数据,低分辨率土地覆盖数据,ESA_CCI土地覆盖,ESA_CCI_2017,landcover100_resample_china,ESA_CCI,byte,300,20,3,F:/landcover100_com_DB/Land_Cover/low_resolution/ESA_CCI_300m/china_esa_cci/2017_v2.1.1_ESA_CCI.tif,/mnt/yundisk/landcover100DB/Land_Cover/low_resolution/ESA_CCI_300m/2017_v2.1.1_ESA_CCI.tif,,
土地覆盖数据,低分辨率土地覆盖数据,ESA_CCI土地覆盖,ESA_CCI_2018,landcover100_resample_china,ESA_CCI,byte,300,20,3,F:/landcover100_com_DB/Land_Cover/low_resolution/ESA_CCI_300m/china_esa_cci/2018_v2.1.1_ESA_CCI.tif,/mnt/yundisk/landcover100DB/Land_Cover/low_resolution/ESA_CCI_300m/2018_v2.1.1_ESA_CCI.tif,,
土地覆盖数据,低分辨率土地覆盖数据,ESA_CCI土地覆盖,ESA_CCI_2019,landcover100_resample_china,ESA_CCI,byte,300,20,3,F:/landcover100_com_DB/Land_Cover/low_resolution/ESA_CCI_300m/china_esa_cci/2019_v2.1.1_ESA_CCI.tif,/mnt/yundisk/landcover100DB/Land_Cover/low_resolution/ESA_CCI_300m/2019_v2.1.1_ESA_CCI.tif,,
土地覆盖数据,低分辨率土地覆盖数据,ESA_CCI土地覆盖,ESA_CCI_2020,landcover100_resample_china,ESA_CCI,byte,300,20,3,F:/landcover100_com_DB/Land_Cover/low_resolution/ESA_CCI_300m/china_esa_cci/2020_v2.1.1_ESA_CCI.tif,/mnt/yundisk/landcover100DB/Land_Cover/low_resolution/ESA_CCI_300m/2020_v2.1.1_ESA_CCI.tif,,
土地覆盖数据,低分辨率土地覆盖数据,GAZE土地覆盖,GAZE_2010_tosee,landcover100_resample_china,GAZE_WORLD,byte,9000,20,3,F:/landcover100_com_DB/Land_Cover/low_resolution/gaze_landcover/gaze_world.tif,/mnt/yundisk/landcover100DB/Land_Cover/low_resolution/gaze_landcover/gaze_world.tif,https://geoserver.landcover100.com/geoserver/landcover100_resample_china/gwc/service/wmts?layer=landcover100_resample_china%3Agaze_world&style=&tilematrixset=WebMercatorQuad&Service=WMTS&Request=GetTile&Version=1.0.0&Format=image%2Fjpeg&TileMatrix=3&TileCol=6&TileRow=4,
土地覆盖数据,低分辨率土地覆盖数据,GAZE土地覆盖,GAZE_2010,landcover100_resample_china,GAZE_WORLD,byte,9000,20,3,F:/landcover100_com_DB/Land_Cover/low_resolution/gaze_landcover/gaze_world.tif,/mnt/yundisk/landcover100DB/Land_Cover/low_resolution/gaze_landcover/gaze_world.tif,https://geoserver.landcover100.com/geoserver/landcover100_resample_china/gwc/service/wmts?layer=landcover100_resample_china%3Agaze_world&style=&tilematrixset=WebMercatorQuad&Service=WMTS&Request=GetTile&Version=1.0.0&Format=image%2Fjpeg&TileMatrix=3&TileCol=6&TileRow=4,
土地覆盖数据,低分辨率土地覆盖数据,GLCNMO土地覆盖,GLCNMO_tosee,landcover100_resample_china,GLCNMO_tosee,byte,1000,10,3,,,https://geoserver.landcover100.com/geoserver/landcover100_resample_china/gwc/service/wmts?layer=landcover100_resample_china%3AGLCNMO_1000m_V3&style=&tilematrixset=WebMercatorQuad&Service=WMTS&Request=GetTile&Version=1.0.0&Format=image%2Fjpeg&TileMatrix=3&TileCol=5&TileRow=3,
土地覆盖数据,低分辨率土地覆盖数据,GLCNMO土地覆盖,GLCNMO,landcover100_resample_china,GLCNMO_tosee,byte,1000,10,3,F:/landcover100_com_DB/Land_Cover/low_resolution/GLCNMO_1000m/mosaic/GLCNMO_1000m_V3.tif,/mnt/yundisk/landcover100DB/Land_Cover/low_resolution/GLCNMO_1000m/GLCNMO_1000m_V3.tif,,
土地覆盖数据,中分辨率土地覆盖数据,CLCD土地覆盖,CLCD,landcover100_resample_china_LandCover,CLCD_v01_2022_albert_resample_repoject,byte,30,20,3,,,https://geoserver.landcover100.com/geoserver/landcover100_resample_china_LandCover/gwc/service/wmts?layer=landcover100_resample_china_LandCover%3ACLCD_v01_2022_albert_resample_repoject&style=&tilematrixset=WebMercatorQuad&Service=WMTS&Request=GetTile&Version=1.0.0&Format=image%2Fjpeg&TileMatrix=4&TileCol=13&TileRow=5,
土地覆盖数据,中分辨率土地覆盖数据,CLCD土地覆盖,CLCD_1985,landcover100_resample_china_LandCover,CLCD_v01_2022_albert_resample_repoject,byte,30,20,3,F:/landcover100_com_DB/Land_Cover/medium_resolution/CLCD_1985_2022/RENAME/1985_CLCD.tif,/mnt/yundisk/landcover100DB/Land_Cover/medium_resolution/CLCD/1985.tif,,
土地覆盖数据,中分辨率土地覆盖数据,CLCD土地覆盖,CLCD_1990,landcover100_resample_china_LandCover,CLCD_v01_2022_albert_resample_repoject,byte,30,20,3,F:/landcover100_com_DB/Land_Cover/medium_resolution/CLCD_1985_2022/RENAME/1990_CLCD.tif,/mnt/yundisk/landcover100DB/Land_Cover/medium_resolution/CLCD/1990.tif,,
土地覆盖数据,中分辨率土地覆盖数据,CLCD土地覆盖,CLCD_1991,landcover100_resample_china_LandCover,CLCD_v01_2022_albert_resample_repoject,byte,30,20,3,F:/landcover100_com_DB/Land_Cover/medium_resolution/CLCD_1985_2022/RENAME/1991_CLCD.tif,/mnt/yundisk/landcover100DB/Land_Cover/medium_resolution/CLCD/1991.tif,,
土地覆盖数据,中分辨率土地覆盖数据,CLCD土地覆盖,CLCD_1992,landcover100_resample_china_LandCover,CLCD_v01_2022_albert_resample_repoject,byte,30,20,3,F:/landcover100_com_DB/Land_Cover/medium_resolution/CLCD_1985_2022/RENAME/1992_CLCD.tif,/mnt/yundisk/landcover100DB/Land_Cover/medium_resolution/CLCD/1992.tif,,
土地覆盖数据,中分辨率土地覆盖数据,CLCD土地覆盖,CLCD_1993,landcover100_resample_china_LandCover,CLCD_v01_2022_albert_resample_repoject,byte,30,20,3,F:/landcover100_com_DB/Land_Cover/medium_resolution/CLCD_1985_2022/RENAME/1993_CLCD.tif,/mnt/yundisk/landcover100DB/Land_Cover/medium_resolution/CLCD/1993.tif,,
土地覆盖数据,中分辨率土地覆盖数据,CLCD土地覆盖,CLCD_1994,landcover100_resample_china_LandCover,CLCD_v01_2022_albert_resample_repoject,byte,30,20,3,F:/landcover100_com_DB/Land_Cover/medium_resolution/CLCD_1985_2022/RENAME/1994_CLCD.tif,/mnt/yundisk/landcover100DB/Land_Cover/medium_resolution/CLCD/1994.tif,,
土地覆盖数据,中分辨率土地覆盖数据,CLCD土地覆盖,CLCD_1995,landcover100_resample_china_LandCover,CLCD_v01_2022_albert_resample_repoject,byte,30,20,3,F:/landcover100_com_DB/Land_Cover/medium_resolution/CLCD_1985_2022/RENAME/1995_CLCD.tif,/mnt/yundisk/landcover100DB/Land_Cover/medium_resolution/CLCD/1995.tif,,
土地覆盖数据,中分辨率土地覆盖数据,CLCD土地覆盖,CLCD_1996,landcover100_resample_china_LandCover,CLCD_v01_2022_albert_resample_repoject,byte,30,20,3,F:/landcover100_com_DB/Land_Cover/medium_resolution/CLCD_1985_2022/RENAME/1996_CLCD.tif,/mnt/yundisk/landcover100DB/Land_Cover/medium_resolution/CLCD/1996.tif,,
土地覆盖数据,中分辨率土地覆盖数据,CLCD土地覆盖,CLCD_1997,landcover100_resample_china_LandCover,CLCD_v01_2022_albert_resample_repoject,byte,30,20,3,F:/landcover100_com_DB/Land_Cover/medium_resolution/CLCD_1985_2022/RENAME/1997_CLCD.tif,/mnt/yundisk/landcover100DB/Land_Cover/medium_resolution/CLCD/1997.tif,,
土地覆盖数据,中分辨率土地覆盖数据,CLCD土地覆盖,CLCD_1998,landcover100_resample_china_LandCover,CLCD_v01_2022_albert_resample_repoject,byte,30,20,3,F:/landcover100_com_DB/Land_Cover/medium_resolution/CLCD_1985_2022/RENAME/1998_CLCD.tif,/mnt/yundisk/landcover100DB/Land_Cover/medium_resolution/CLCD/1998.tif,,
土地覆盖数据,中分辨率土地覆盖数据,CLCD土地覆盖,CLCD_1999,landcover100_resample_china_LandCover,CLCD_v01_2022_albert_resample_repoject,byte,30,20,3,F:/landcover100_com_DB/Land_Cover/medium_resolution/CLCD_1985_2022/RENAME/1999_CLCD.tif,/mnt/yundisk/landcover100DB/Land_Cover/medium_resolution/CLCD/1999.tif,,
土地覆盖数据,中分辨率土地覆盖数据,CLCD土地覆盖,CLCD_2000,landcover100_resample_china_LandCover,CLCD_v01_2022_albert_resample_repoject,byte,30,20,3,F:/landcover100_com_DB/Land_Cover/medium_resolution/CLCD_1985_2022/RENAME/2000_CLCD.tif,/mnt/yundisk/landcover100DB/Land_Cover/medium_resolution/CLCD/2000.tif,,
土地覆盖数据,中分辨率土地覆盖数据,CLCD土地覆盖,CLCD_2001,landcover100_resample_china_LandCover,CLCD_v01_2022_albert_resample_repoject,byte,30,20,3,F:/landcover100_com_DB/Land_Cover/medium_resolution/CLCD_1985_2022/RENAME/2001_CLCD.tif,/mnt/yundisk/landcover100DB/Land_Cover/medium_resolution/CLCD/2001.tif,,
土地覆盖数据,中分辨率土地覆盖数据,CLCD土地覆盖,CLCD_2002,landcover100_resample_china_LandCover,CLCD_v01_2022_albert_resample_repoject,byte,30,20,3,F:/landcover100_com_DB/Land_Cover/medium_resolution/CLCD_1985_2022/RENAME/2002_CLCD.tif,/mnt/yundisk/landcover100DB/Land_Cover/medium_resolution/CLCD/2002.tif,,
土地覆盖数据,中分辨率土地覆盖数据,CLCD土地覆盖,CLCD_2003,landcover100_resample_china_LandCover,CLCD_v01_2022_albert_resample_repoject,byte,30,20,3,F:/landcover100_com_DB/Land_Cover/medium_resolution/CLCD_1985_2022/RENAME/2003_CLCD.tif,/mnt/yundisk/landcover100DB/Land_Cover/medium_resolution/CLCD/2003.tif,,
土地覆盖数据,中分辨率土地覆盖数据,CLCD土地覆盖,CLCD_2004,landcover100_resample_china_LandCover,CLCD_v01_2022_albert_resample_repoject,byte,30,20,3,F:/landcover100_com_DB/Land_Cover/medium_resolution/CLCD_1985_2022/RENAME/2004_CLCD.tif,/mnt/yundisk/landcover100DB/Land_Cover/medium_resolution/CLCD/2004.tif,,
土地覆盖数据,中分辨率土地覆盖数据,CLCD土地覆盖,CLCD_2005,landcover100_resample_china_LandCover,CLCD_v01_2022_albert_resample_repoject,byte,30,20,3,F:/landcover100_com_DB/Land_Cover/medium_resolution/CLCD_1985_2022/RENAME/2005_CLCD.tif,/mnt/yundisk/landcover100DB/Land_Cover/medium_resolution/CLCD/2005.tif,,
土地覆盖数据,中分辨率土地覆盖数据,CLCD土地覆盖,CLCD_2006,landcover100_resample_china_LandCover,CLCD_v01_2022_albert_resample_repoject,byte,30,20,3,F:/landcover100_com_DB/Land_Cover/medium_resolution/CLCD_1985_2022/RENAME/2006_CLCD.tif,/mnt/yundisk/landcover100DB/Land_Cover/medium_resolution/CLCD/2006.tif,,
土地覆盖数据,中分辨率土地覆盖数据,CLCD土地覆盖,CLCD_2007,landcover100_resample_china_LandCover,CLCD_v01_2022_albert_resample_repoject,byte,30,20,3,F:/landcover100_com_DB/Land_Cover/medium_resolution/CLCD_1985_2022/RENAME/2007_CLCD.tif,/mnt/yundisk/landcover100DB/Land_Cover/medium_resolution/CLCD/2007.tif,,
土地覆盖数据,中分辨率土地覆盖数据,CLCD土地覆盖,CLCD_2008,landcover100_resample_china_LandCover,CLCD_v01_2022_albert_resample_repoject,byte,30,20,3,F:/landcover100_com_DB/Land_Cover/medium_resolution/CLCD_1985_2022/RENAME/2008_CLCD.tif,/mnt/yundisk/landcover100DB/Land_Cover/medium_resolution/CLCD/2008.tif,,
土地覆盖数据,中分辨率土地覆盖数据,CLCD土地覆盖,CLCD_2009,landcover100_resample_china_LandCover,CLCD_v01_2022_albert_resample_repoject,byte,30,20,3,F:/landcover100_com_DB/Land_Cover/medium_resolution/CLCD_1985_2022/RENAME/2009_CLCD.tif,/mnt/yundisk/landcover100DB/Land_Cover/medium_resolution/CLCD/2009.tif,,
土地覆盖数据,中分辨率土地覆盖数据,CLCD土地覆盖,CLCD_2010,landcover100_resample_china_LandCover,CLCD_v01_2022_albert_resample_repoject,byte,30,20,3,F:/landcover100_com_DB/Land_Cover/medium_resolution/CLCD_1985_2022/RENAME/2010_CLCD.tif,/mnt/yundisk/landcover100DB/Land_Cover/medium_resolution/CLCD/2010.tif,,
土地覆盖数据,中分辨率土地覆盖数据,CLCD土地覆盖,CLCD_2011,landcover100_resample_china_LandCover,CLCD_v01_2022_albert_resample_repoject,byte,30,20,3,F:/landcover100_com_DB/Land_Cover/medium_resolution/CLCD_1985_2022/RENAME/2011_CLCD.tif,/mnt/yundisk/landcover100DB/Land_Cover/medium_resolution/CLCD/2011.tif,,
土地覆盖数据,中分辨率土地覆盖数据,CLCD土地覆盖,CLCD_2012,landcover100_resample_china_LandCover,CLCD_v01_2022_albert_resample_repoject,byte,30,20,3,F:/landcover100_com_DB/Land_Cover/medium_resolution/CLCD_1985_2022/RENAME/2012_CLCD.tif,/mnt/yundisk/landcover100DB/Land_Cover/medium_resolution/CLCD/2012.tif,,
土地覆盖数据,中分辨率土地覆盖数据,CLCD土地覆盖,CLCD_2013,landcover100_resample_china_LandCover,CLCD_v01_2022_albert_resample_repoject,byte,30,20,3,F:/landcover100_com_DB/Land_Cover/medium_resolution/CLCD_1985_2022/RENAME/2013_CLCD.tif,/mnt/yundisk/landcover100DB/Land_Cover/medium_resolution/CLCD/2013.tif,,
土地覆盖数据,中分辨率土地覆盖数据,CLCD土地覆盖,CLCD_2014,landcover100_resample_china_LandCover,CLCD_v01_2022_albert_resample_repoject,byte,30,20,3,F:/landcover100_com_DB/Land_Cover/medium_resolution/CLCD_1985_2022/RENAME/2014_CLCD.tif,/mnt/yundisk/landcover100DB/Land_Cover/medium_resolution/CLCD/2014.tif,,
土地覆盖数据,中分辨率土地覆盖数据,CLCD土地覆盖,CLCD_2015,landcover100_resample_china_LandCover,CLCD_v01_2022_albert_resample_repoject,byte,30,20,3,F:/landcover100_com_DB/Land_Cover/medium_resolution/CLCD_1985_2022/RENAME/2015_CLCD.tif,/mnt/yundisk/landcover100DB/Land_Cover/medium_resolution/CLCD/2015.tif,,
土地覆盖数据,中分辨率土地覆盖数据,CLCD土地覆盖,CLCD_2016,landcover100_resample_china_LandCover,CLCD_v01_2022_albert_resample_repoject,byte,30,20,3,F:/landcover100_com_DB/Land_Cover/medium_resolution/CLCD_1985_2022/RENAME/2016_CLCD.tif,/mnt/yundisk/landcover100DB/Land_Cover/medium_resolution/CLCD/2016.tif,,
土地覆盖数据,中分辨率土地覆盖数据,CLCD土地覆盖,CLCD_2017,landcover100_resample_china_LandCover,CLCD_v01_2022_albert_resample_repoject,byte,30,20,3,F:/landcover100_com_DB/Land_Cover/medium_resolution/CLCD_1985_2022/RENAME/2017_CLCD.tif,/mnt/yundisk/landcover100DB/Land_Cover/medium_resolution/CLCD/2017.tif,,
土地覆盖数据,中分辨率土地覆盖数据,CLCD土地覆盖,CLCD_2018,landcover100_resample_china_LandCover,CLCD_v01_2022_albert_resample_repoject,byte,30,20,3,F:/landcover100_com_DB/Land_Cover/medium_resolution/CLCD_1985_2022/RENAME/2018_CLCD.tif,/mnt/yundisk/landcover100DB/Land_Cover/medium_resolution/CLCD/2018.tif,,
土地覆盖数据,中分辨率土地覆盖数据,CLCD土地覆盖,CLCD_2019,landcover100_resample_china_LandCover,CLCD_v01_2022_albert_resample_repoject,byte,30,20,3,F:/landcover100_com_DB/Land_Cover/medium_resolution/CLCD_1985_2022/RENAME/2019_CLCD.tif,/mnt/yundisk/landcover100DB/Land_Cover/medium_resolution/CLCD/2019.tif,,
土地覆盖数据,中分辨率土地覆盖数据,CLCD土地覆盖,CLCD_2020,landcover100_resample_china_LandCover,CLCD_v01_2022_albert_resample_repoject,byte,30,20,3,F:/landcover100_com_DB/Land_Cover/medium_resolution/CLCD_1985_2022/RENAME/2020_CLCD.tif,/mnt/yundisk/landcover100DB/Land_Cover/medium_resolution/CLCD/2020.tif,,
土地覆盖数据,中分辨率土地覆盖数据,CLCD土地覆盖,CLCD_2021,landcover100_resample_china_LandCover,CLCD_v01_2022_albert_resample_repoject,byte,30,20,3,F:/landcover100_com_DB/Land_Cover/medium_resolution/CLCD_1985_2022/RENAME/2021_CLCD.tif,/mnt/yundisk/landcover100DB/Land_Cover/medium_resolution/CLCD/2021.tif,,
土地覆盖数据,中分辨率土地覆盖数据,CLCD土地覆盖,CLCD_2022,landcover100_resample_china_LandCover,CLCD_v01_2022_albert_resample_repoject,byte,30,20,3,F:/landcover100_com_DB/Land_Cover/medium_resolution/CLCD_1985_2022/RENAME/2022_CLCD.tif,/mnt/yundisk/landcover100DB/Land_Cover/medium_resolution/CLCD/2022.tif,,
土地覆盖数据,中分辨率土地覆盖数据,AGLC土地覆盖,AGLC,landcover100_resample_china,GLC_CHINA2014_geoserver,byte,30,20,3,,,https://geoserver.landcover100.com/geoserver/landcover100_resample_china/gwc/service/wmts?layer=landcover100_resample_china%3AGLC_CHINA2014_geoserver&style=&tilematrixset=WebMercatorQuad&Service=WMTS&Request=GetTile&Version=1.0.0&Format=image%2Fjpeg&TileMatrix=4&TileCol=13&TileRow=6,
土地覆盖数据,中分辨率土地覆盖数据,AGLC土地覆盖,AGLC_2000,landcover100_resample_china,GLC_CHINA2014_geoserver,byte,30,20,3,F:/landcover100_com_DB/Land_Cover/medium_resolution/AGLC/AGLC_CHINA2000.tif,/mnt/yundisk/landcover100DB/Land_Cover/medium_resolution/AGLC/GLC_CHINA2000.tif,,
土地覆盖数据,中分辨率土地覆盖数据,AGLC土地覆盖,AGLC_2001,landcover100_resample_china,GLC_CHINA2014_geoserver,byte,30,20,3,F:/landcover100_com_DB/Land_Cover/medium_resolution/AGLC/AGLC_CHINA2001.tif,/mnt/yundisk/landcover100DB/Land_Cover/medium_resolution/AGLC/GLC_CHINA2001.tif,,
土地覆盖数据,中分辨率土地覆盖数据,AGLC土地覆盖,AGLC_2002,landcover100_resample_china,GLC_CHINA2014_geoserver,byte,30,20,3,F:/landcover100_com_DB/Land_Cover/medium_resolution/AGLC/AGLC_CHINA2002.tif,/mnt/yundisk/landcover100DB/Land_Cover/medium_resolution/AGLC/GLC_CHINA2002.tif,,
土地覆盖数据,中分辨率土地覆盖数据,AGLC土地覆盖,AGLC_2003,landcover100_resample_china,GLC_CHINA2014_geoserver,byte,30,20,3,F:/landcover100_com_DB/Land_Cover/medium_resolution/AGLC/AGLC_CHINA2003.tif,/mnt/yundisk/landcover100DB/Land_Cover/medium_resolution/AGLC/GLC_CHINA2003.tif,,
土地覆盖数据,中分辨率土地覆盖数据,AGLC土地覆盖,AGLC_2004,landcover100_resample_china,GLC_CHINA2014_geoserver,byte,30,20,3,F:/landcover100_com_DB/Land_Cover/medium_resolution/AGLC/AGLC_CHINA2004.tif,/mnt/yundisk/landcover100DB/Land_Cover/medium_resolution/AGLC/GLC_CHINA2004.tif,,
土地覆盖数据,中分辨率土地覆盖数据,AGLC土地覆盖,AGLC_2005,landcover100_resample_china,GLC_CHINA2014_geoserver,byte,30,20,3,F:/landcover100_com_DB/Land_Cover/medium_resolution/AGLC/AGLC_CHINA2005.tif,/mnt/yundisk/landcover100DB/Land_Cover/medium_resolution/AGLC/GLC_CHINA2005.tif,,
土地覆盖数据,中分辨率土地覆盖数据,AGLC土地覆盖,AGLC_2006,landcover100_resample_china,GLC_CHINA2014_geoserver,byte,30,20,3,F:/landcover100_com_DB/Land_Cover/medium_resolution/AGLC/AGLC_CHINA2006.tif,/mnt/yundisk/landcover100DB/Land_Cover/medium_resolution/AGLC/GLC_CHINA2006.tif,,
土地覆盖数据,中分辨率土地覆盖数据,AGLC土地覆盖,AGLC_2007,landcover100_resample_china,GLC_CHINA2014_geoserver,byte,30,20,3,F:/landcover100_com_DB/Land_Cover/medium_resolution/AGLC/AGLC_CHINA2007.tif,/mnt/yundisk/landcover100DB/Land_Cover/medium_resolution/AGLC/GLC_CHINA2007.tif,,
土地覆盖数据,中分辨率土地覆盖数据,AGLC土地覆盖,AGLC_2008,landcover100_resample_china,GLC_CHINA2014_geoserver,byte,30,20,3,F:/landcover100_com_DB/Land_Cover/medium_resolution/AGLC/AGLC_CHINA2008.tif,/mnt/yundisk/landcover100DB/Land_Cover/medium_resolution/AGLC/GLC_CHINA2008.tif,,
土地覆盖数据,中分辨率土地覆盖数据,AGLC土地覆盖,AGLC_2009,landcover100_resample_china,GLC_CHINA2014_geoserver,byte,30,20,3,F:/landcover100_com_DB/Land_Cover/medium_resolution/AGLC/AGLC_CHINA2009.tif,/mnt/yundisk/landcover100DB/Land_Cover/medium_resolution/AGLC/GLC_CHINA2009.tif,,
土地覆盖数据,中分辨率土地覆盖数据,AGLC土地覆盖,AGLC_2010,landcover100_resample_china,GLC_CHINA2014_geoserver,byte,30,20,3,F:/landcover100_com_DB/Land_Cover/medium_resolution/AGLC/AGLC_CHINA2010.tif,/mnt/yundisk/landcover100DB/Land_Cover/medium_resolution/AGLC/GLC_CHINA2010.tif,,
土地覆盖数据,中分辨率土地覆盖数据,AGLC土地覆盖,AGLC_2011,landcover100_resample_china,GLC_CHINA2014_geoserver,byte,30,20,3,F:/landcover100_com_DB/Land_Cover/medium_resolution/AGLC/AGLC_CHINA2011.tif,/mnt/yundisk/landcover100DB/Land_Cover/medium_resolution/AGLC/GLC_CHINA2011.tif,,
土地覆盖数据,中分辨率土地覆盖数据,AGLC土地覆盖,AGLC_2012,landcover100_resample_china,GLC_CHINA2014_geoserver,byte,30,20,3,F:/landcover100_com_DB/Land_Cover/medium_resolution/AGLC/AGLC_CHINA2012.tif,/mnt/yundisk/landcover100DB/Land_Cover/medium_resolution/AGLC/GLC_CHINA2012.tif,,
土地覆盖数据,中分辨率土地覆盖数据,AGLC土地覆盖,AGLC_2013,landcover100_resample_china,GLC_CHINA2014_geoserver,byte,30,20,3,F:/landcover100_com_DB/Land_Cover/medium_resolution/AGLC/AGLC_CHINA2013.tif,/mnt/yundisk/landcover100DB/Land_Cover/medium_resolution/AGLC/GLC_CHINA2013.tif,,
土地覆盖数据,中分辨率土地覆盖数据,AGLC土地覆盖,AGLC_2014,landcover100_resample_china,GLC_CHINA2014_geoserver,byte,30,20,3,F:/landcover100_com_DB/Land_Cover/medium_resolution/AGLC/AGLC_CHINA2014.tif,/mnt/yundisk/landcover100DB/Land_Cover/medium_resolution/AGLC/GLC_CHINA2014.tif,,
土地覆盖数据,中分辨率土地覆盖数据,GLC30土地覆盖,GLC30,landcover100_resample_china,GLC30,byte,30,20,3,,,https://geoserver.landcover100.com/geoserver/landcover100_resample_china/gwc/service/wmts?layer=landcover100_resample_china%3A2020%E5%B9%B4%E5%85%A8%E5%9B%BD_GLC30_30%E7%B1%B3%E5%9C%9F%E5%9C%B0%E8%A6%86%E7%9B%96%E6%95%B0%E6%8D%AE_geoserver&style=&tilematrixset=WebMercatorQuad&Service=WMTS&Request=GetTile&Version=1.0.0&Format=image%2Fjpeg&TileMatrix=5&TileCol=26&TileRow=12,
土地覆盖数据,中分辨率土地覆盖数据,GLC30土地覆盖,GLC30_2000,landcover100_resample_china,GLC30,byte,30,20,3,F:/landcover100_com_DB/Land_Cover/medium_resolution/GLC30/2000年全国_GLC30_30米土地覆盖数据.tif,/mnt/yundisk/landcover100DB/Land_Cover/medium_resolution/GLC30/2000年全国_GLC30_30米土地覆盖数据.tif,,
土地覆盖数据,中分辨率土地覆盖数据,GLC30土地覆盖,GLC30_2010,landcover100_resample_china,GLC30,byte,30,20,3,F:/landcover100_com_DB/Land_Cover/medium_resolution/GLC30/2010年全国_GLC30_30米土地覆盖数据.tif,/mnt/yundisk/landcover100DB/Land_Cover/medium_resolution/GLC30/2000年全国_GLC30_30米土地覆盖数据.tif,,
土地覆盖数据,中分辨率土地覆盖数据,GLC30土地覆盖,GLC30_2020,landcover100_resample_china,GLC30,byte,30,20,3,F:/landcover100_com_DB/Land_Cover/medium_resolution/GLC30/2020年全国_GLC30_30米土地覆盖数据.tif,/mnt/yundisk/landcover100DB/Land_Cover/medium_resolution/GLC30/2000年全国_GLC30_30米土地覆盖数据.tif,,
土地覆盖数据,中分辨率土地覆盖数据,GLC_FCS土地覆盖,GLC_FCS,landcover100_resample_china,GLC30,byte,30,20,3,,,https://geoserver.landcover100.com/geoserver/landcover100_resample_china/gwc/service/wmts?layer=landcover100_resample_china%3A2020_geoserver&style=&tilematrixset=WebMercatorQuad&Service=WMTS&Request=GetTile&Version=1.0.0&Format=image%2Fjpeg&TileMatrix=5&TileCol=24&TileRow=13,
土地覆盖数据,中分辨率土地覆盖数据,GLC_FCS土地覆盖,GLC_FCS_1985,landcover100_resample_china,GLC30,byte,30,20,3,F:/landcover100_com_DB/Land_Cover/medium_resolution/GLC_FCS/1985年GLC_FCS30米全国土地覆盖数据.tif,/mnt/yundisk/landcover100DB/Land_Cover/medium_resolution/GLC_FCS30/1985.tif,,
土地覆盖数据,中分辨率土地覆盖数据,GLC_FCS土地覆盖,GLC_FCS_1990,landcover100_resample_china,GLC30,byte,30,20,3,F:/landcover100_com_DB/Land_Cover/medium_resolution/GLC_FCS/1990年GLC_FCS30米全国土地覆盖数据.tif,/mnt/yundisk/landcover100DB/Land_Cover/medium_resolution/GLC_FCS30/1990.tif,,
土地覆盖数据,中分辨率土地覆盖数据,GLC_FCS土地覆盖,GLC_FCS_1995,landcover100_resample_china,GLC30,byte,30,20,3,F:/landcover100_com_DB/Land_Cover/medium_resolution/GLC_FCS/1995年GLC_FCS30米全国土地覆盖数据.tif,/mnt/yundisk/landcover100DB/Land_Cover/medium_resolution/GLC_FCS30/1995.tif,,
土地覆盖数据,中分辨率土地覆盖数据,GLC_FCS土地覆盖,GLC_FCS_2000,landcover100_resample_china,GLC30,byte,30,20,3,F:/landcover100_com_DB/Land_Cover/medium_resolution/GLC_FCS/2000年GLC_FCS30米全国土地覆盖数据.tif,/mnt/yundisk/landcover100DB/Land_Cover/medium_resolution/GLC_FCS30/2000.tif,,
土地覆盖数据,中分辨率土地覆盖数据,GLC_FCS土地覆盖,GLC_FCS_2005,landcover100_resample_china,GLC30,byte,30,20,3,F:/landcover100_com_DB/Land_Cover/medium_resolution/GLC_FCS/2005年GLC_FCS30米全国土地覆盖数据.tif,/mnt/yundisk/landcover100DB/Land_Cover/medium_resolution/GLC_FCS30/2005.tif,,
土地覆盖数据,中分辨率土地覆盖数据,GLC_FCS土地覆盖,GLC_FCS_2010,landcover100_resample_china,GLC30,byte,30,20,3,F:/landcover100_com_DB/Land_Cover/medium_resolution/GLC_FCS/2010年GLC_FCS30米全国土地覆盖数据.tif,/mnt/yundisk/landcover100DB/Land_Cover/medium_resolution/GLC_FCS30/2010.tif,,
土地覆盖数据,中分辨率土地覆盖数据,GLC_FCS土地覆盖,GLC_FCS_2015,landcover100_resample_china,GLC30,byte,30,20,3,F:/landcover100_com_DB/Land_Cover/medium_resolution/GLC_FCS/2015年GLC_FCS30米全国土地覆盖数据.tif,/mnt/yundisk/landcover100DB/Land_Cover/medium_resolution/GLC_FCS30/2015.tif,,
土地覆盖数据,中分辨率土地覆盖数据,GLC_FCS土地覆盖,GLC_FCS_2020,landcover100_resample_china,GLC30,byte,30,20,3,F:/landcover100_com_DB/Land_Cover/medium_resolution/GLC_FCS/2020年GLC_FCS30米全国土地覆盖数据.tif,/mnt/yundisk/landcover100DB/Land_Cover/medium_resolution/GLC_FCS30/2020.tif,,
土地覆盖数据,中分辨率土地覆盖数据,GLCLUC土地覆盖,GLCLUC,landcover100_resample_china,GLCLUC_2020_china_geoserver,byte,30,20,3,,,https://geoserver.landcover100.com/geoserver/landcover100_resample_china/gwc/service/wmts?layer=landcover100_resample_china%3AGLCLUC_2020_china_geoserver&style=&tilematrixset=WebMercatorQuad&Service=WMTS&Request=GetTile&Version=1.0.0&Format=image%2Fjpeg&TileMatrix=6&TileCol=50&TileRow=25,
土地覆盖数据,中分辨率土地覆盖数据,GLCLUC土地覆盖,GLCLUC_2000,landcover100_resample_china,GLCLUC_2020_china_geoserver,byte,30,20,3,F:/landcover100_com_DB/Land_Cover/medium_resolution/GLCLUC/mosaic/GLCLUC/2000/GLCLUC_2000_china.tif,/mnt/yundisk/landcover100DB/Land_Cover/medium_resolution/GLCLUC/2000/GLCLUC_2000_china_geoserver.tif,,
土地覆盖数据,中分辨率土地覆盖数据,GLCLUC土地覆盖,GLCLUC_2010,landcover100_resample_china,GLCLUC_2020_china_geoserver,byte,30,20,3,F:/landcover100_com_DB/Land_Cover/medium_resolution/GLCLUC/mosaic/GLCLUC/2010/GLCLUC_2010_china.tif,/mnt/yundisk/landcover100DB/Land_Cover/medium_resolution/GLCLUC/2010/GLCLUC_2010_china_geoserver.tif,,
土地覆盖数据,中分辨率土地覆盖数据,GLCLUC土地覆盖,GLCLUC_2015,landcover100_resample_china,GLCLUC_2020_china_geoserver,byte,30,20,3,F:/landcover100_com_DB/Land_Cover/medium_resolution/GLCLUC/mosaic/GLCLUC/2015/GLCLUC_2015_china.tif,/mnt/yundisk/landcover100DB/Land_Cover/medium_resolution/GLCLUC/2015/GLCLUC_2015_china.tif,,
土地覆盖数据,中分辨率土地覆盖数据,GLCLUC土地覆盖,GLCLUC_2020,landcover100_resample_china,GLCLUC_2020_china_geoserver,byte,30,20,3,F:/landcover100_com_DB/Land_Cover/medium_resolution/GLCLUC/mosaic/GLCLUC/2020/GLCLUC_2020_china.tif,/mnt/yundisk/landcover100DB/Land_Cover/medium_resolution/GLCLUC/2000/GLCLUC_2000_china.tif,,
土地覆盖数据,高分辨率土地覆盖数据,ESA土地覆盖,ESA,landcover100_resample_china,ESA_Worldcover_China_2021_geoserver,byte,30,20,3,,,https://geoserver.landcover100.com/geoserver/landcover100_resample_china/gwc/service/wmts?layer=landcover100_resample_china%3AESA_Worldcover_China_2021_geoserver&style=&tilematrixset=WebMercatorQuad&Service=WMTS&Request=GetTile&Version=1.0.0&Format=image%2Fjpeg&TileMatrix=4&TileCol=12&TileRow=6,
土地覆盖数据,高分辨率土地覆盖数据,ESA土地覆盖,ESA_2020,landcover100_resample_china,ESA_Worldcover_China_2021_geoserver,byte,30,20,3,F:/landcover100_com_DB/Land_Cover/high_resolution/ESA_worldcover/ESA_Worldcover_China_2020.tif,/mnt/yundisk/landcover100DB/Land_Cover/high_resolution/ESA_WorldCover/ESA_Worldcover_China_2020.tif,,
土地覆盖数据,高分辨率土地覆盖数据,ESA土地覆盖,ESA_2021,landcover100_resample_china,ESA_Worldcover_China_2021_geoserver,byte,30,20,3,F:/landcover100_com_DB/Land_Cover/high_resolution/ESA_worldcover/ESA_Worldcover_China_2021.tif,/mnt/yundisk/landcover100DB/Land_Cover/high_resolution/ESA_WorldCover/ESA_Worldcover_China_2021.tif,,
土地覆盖数据,高分辨率土地覆盖数据,FROM_LC,FROM_LC,landcover100_resample_china,FROM_LC_2017_CHINA_geoserver,byte,30,20,3,F:/landcover100_com_DB/Land_Cover/high_resolution/FROM-LC/MOSAIC/FROM_LC_2017_CHINA_geoserver.tif,/mnt/yundisk/landcover100DB/Land_Cover/high_resolution/FROM_LC/FROM_LC_2017_CHINA.tif,https://geoserver.landcover100.com/geoserver/landcover100_resample_china/gwc/service/wmts?layer=landcover100_resample_china%3AFROM_LC_2017_CHINA_geoserver&style=&tilematrixset=WebMercatorQuad&Service=WMTS&Request=GetTile&Version=1.0.0&Format=image%2Fjpeg&TileMatrix=7&TileCol=103&TileRow=48,
DEM高程数据,低分辨率DEM数据,250米DEM,DEM250,landcover100_resample_china,CHINA_DEM_250m,float32,250,3,3,F:/landcover100_com_DB/DEM/low_resolution/CHINA_DEM_250m.tif,/mnt/yundisk/landcover100DB/DEM/low_resolution/CHINA_DEM_250m.tif,https://geoserver.landcover100.com/geoserver/landcover100_resample_china/gwc/service/wmts?layer=landcover100_resample_china%3ACHINA_DEM_250m&style=&tilematrixset=WebMercatorQuad&Service=WMTS&Request=GetTile&Version=1.0.0&Format=image%2Fjpeg&TileMatrix=5&TileCol=25&TileRow=13&TRANSPARENT=true,
DEM高程数据,低分辨率DEM数据,1000米DEM,DEM1000,landcover100_resample_china,CHINA_DEM_1000m,float32,1000,3,3,F:/landcover100_com_DB/DEM/low_resolution/CHINA_DEM_1000m.tif,/mnt/yundisk/landcover100DB/DEM/low_resolution/CHINA_DEM_1000m.tif,https://geoserver.landcover100.com/geoserver/landcover100_resample_china/gwc/service/wmts?layer=landcover100_resample_china%3ACHINA_DEM_1000m&style=&tilematrixset=WebMercatorQuad&Service=WMTS&Request=GetTile&Version=1.0.0&Format=image%2Fjpeg&TileMatrix=5&TileCol=25&TileRow=14&TRANSPARENT=true,
DEM高程数据,高分辨率DEM数据,12.5米ALOS_DEM,DEM_ALOS_12m,landcover100_resample_china,ALOS_DEM_CHINA_GEOSERVER,int16,12,3,3,,,https://geoserver.landcover100.com/geoserver/landcover100_resample_china/gwc/service/wmts?layer=landcover100_resample_china%3AALOS_DEM_CHINA_GEOSERVER&style=&tilematrixset=WebMercatorQuad&Service=WMTS&Request=GetTile&Version=1.0.0&Format=image%2Fjpeg&TileMatrix=6&TileCol=51&TileRow=24,
DEM高程数据,高分辨率DEM数据,12.5米ALOS_DEM,DEM_ALOS_12m_SH,landcover100_resample_china,ALOS_DEM_CHINA_GEOSERVER,int16,12,3,3,F:/landcover100_com_DB/DEM/high_resolution/ALOS_DEM_12.5m/TIF/上海.tif,/mnt/yundisk/landcover100DB/DEM/high_resolution/alos_dem/上海/上海.tif,,
DEM高程数据,高分辨率DEM数据,12.5米ALOS_DEM,DEM_ALOS_12m_YN,landcover100_resample_china,ALOS_DEM_CHINA_GEOSERVER,int16,12,3,3,F:/landcover100_com_DB/DEM/high_resolution/ALOS_DEM_12.5m/TIF/云南.tif,/mnt/yundisk/landcover100DB/DEM/high_resolution/alos_dem/云南/云南.tif,,
DEM高程数据,高分辨率DEM数据,12.5米ALOS_DEM,DEM_ALOS_12m_NMG,landcover100_resample_china,ALOS_DEM_CHINA_GEOSERVER,int16,12,3,3,F:/landcover100_com_DB/DEM/high_resolution/ALOS_DEM_12.5m/TIF/内蒙古.tif,/mnt/yundisk/landcover100DB/DEM/high_resolution/alos_dem/内蒙古/内蒙古.tif,,
DEM高程数据,高分辨率DEM数据,12.5米ALOS_DEM,DEM_ALOS_12m_BJ,landcover100_resample_china,ALOS_DEM_CHINA_GEOSERVER,int16,12,3,3,F:/landcover100_com_DB/DEM/high_resolution/ALOS_DEM_12.5m/TIF/北京.tif,/mnt/yundisk/landcover100DB/DEM/high_resolution/alos_dem/北京/北京.tif,,
DEM高程数据,高分辨率DEM数据,12.5米ALOS_DEM,DEM_ALOS_12m_TW,landcover100_resample_china,ALOS_DEM_CHINA_GEOSERVER,int16,12,3,3,F:/landcover100_com_DB/DEM/high_resolution/ALOS_DEM_12.5m/TIF/台湾.tif,/mnt/yundisk/landcover100DB/DEM/high_resolution/alos_dem/台湾/台湾.tif,,
DEM高程数据,高分辨率DEM数据,12.5米ALOS_DEM,DEM_ALOS_12m_JL,landcover100_resample_china,ALOS_DEM_CHINA_GEOSERVER,int16,12,3,3,F:/landcover100_com_DB/DEM/high_resolution/ALOS_DEM_12.5m/TIF/吉林.tif,/mnt/yundisk/landcover100DB/DEM/high_resolution/alos_dem/吉林/吉林.tif,,
DEM高程数据,高分辨率DEM数据,12.5米ALOS_DEM,DEM_ALOS_12m_SC,landcover100_resample_china,ALOS_DEM_CHINA_GEOSERVER,int16,12,3,3,F:/landcover100_com_DB/DEM/high_resolution/ALOS_DEM_12.5m/TIF/四川.tif,/mnt/yundisk/landcover100DB/DEM/high_resolution/alos_dem/四川/四川.tif,,
DEM高程数据,高分辨率DEM数据,12.5米ALOS_DEM,DEM_ALOS_12m_TJ,landcover100_resample_china,ALOS_DEM_CHINA_GEOSERVER,int16,12,3,3,F:/landcover100_com_DB/DEM/high_resolution/ALOS_DEM_12.5m/TIF/天津市.tif,/mnt/yundisk/landcover100DB/DEM/high_resolution/alos_dem/天津市/天津市.tif,,
DEM高程数据,高分辨率DEM数据,12.5米ALOS_DEM,DEM_ALOS_12m_NX,landcover100_resample_china,ALOS_DEM_CHINA_GEOSERVER,int16,12,3,3,F:/landcover100_com_DB/DEM/high_resolution/ALOS_DEM_12.5m/TIF/宁夏.tif,/mnt/yundisk/landcover100DB/DEM/high_resolution/alos_dem/宁夏/宁夏.tif,,
DEM高程数据,高分辨率DEM数据,12.5米ALOS_DEM,DEM_ALOS_12m_AH,landcover100_resample_china,ALOS_DEM_CHINA_GEOSERVER,int16,12,3,3,F:/landcover100_com_DB/DEM/high_resolution/ALOS_DEM_12.5m/TIF/安徽.tif,/mnt/yundisk/landcover100DB/DEM/high_resolution/alos_dem/安徽/安徽.tif,,
DEM高程数据,高分辨率DEM数据,12.5米ALOS_DEM,DEM_ALOS_12m_SD,landcover100_resample_china,ALOS_DEM_CHINA_GEOSERVER,int16,12,3,3,F:/landcover100_com_DB/DEM/high_resolution/ALOS_DEM_12.5m/TIF/山东.tif,/mnt/yundisk/landcover100DB/DEM/high_resolution/alos_dem/山东/山东.tif,,
DEM高程数据,高分辨率DEM数据,12.5米ALOS_DEM,DEM_ALOS_12m_SX,landcover100_resample_china,ALOS_DEM_CHINA_GEOSERVER,int16,12,3,3,F:/landcover100_com_DB/DEM/high_resolution/ALOS_DEM_12.5m/TIF/山西.tif,/mnt/yundisk/landcover100DB/DEM/high_resolution/alos_dem/山西/山西.tif,,
DEM高程数据,高分辨率DEM数据,12.5米ALOS_DEM,DEM_ALOS_12m_GD,landcover100_resample_china,ALOS_DEM_CHINA_GEOSERVER,int16,12,3,3,F:/landcover100_com_DB/DEM/high_resolution/ALOS_DEM_12.5m/TIF/广东.tif,/mnt/yundisk/landcover100DB/DEM/high_resolution/alos_dem/广东/广东.tif,,
DEM高程数据,高分辨率DEM数据,12.5米ALOS_DEM,DEM_ALOS_12m_GX,landcover100_resample_china,ALOS_DEM_CHINA_GEOSERVER,int16,12,3,3,F:/landcover100_com_DB/DEM/high_resolution/ALOS_DEM_12.5m/TIF/广西.tif,/mnt/yundisk/landcover100DB/DEM/high_resolution/alos_dem/广西/广西.tif,,
DEM高程数据,高分辨率DEM数据,12.5米ALOS_DEM,DEM_ALOS_12m_XJ,landcover100_resample_china,ALOS_DEM_CHINA_GEOSERVER,int16,12,3,3,F:/landcover100_com_DB/DEM/high_resolution/ALOS_DEM_12.5m/TIF/新疆.tif,/mnt/yundisk/landcover100DB/DEM/high_resolution/alos_dem/新疆/新疆.tif,,
DEM高程数据,高分辨率DEM数据,12.5米ALOS_DEM,DEM_ALOS_12m_JS,landcover100_resample_china,ALOS_DEM_CHINA_GEOSERVER,int16,12,3,3,F:/landcover100_com_DB/DEM/high_resolution/ALOS_DEM_12.5m/TIF/江苏.tif,/mnt/yundisk/landcover100DB/DEM/high_resolution/alos_dem/江苏/江苏.tif,,
DEM高程数据,高分辨率DEM数据,12.5米ALOS_DEM,DEM_ALOS_12m_JX,landcover100_resample_china,ALOS_DEM_CHINA_GEOSERVER,int16,12,3,3,F:/landcover100_com_DB/DEM/high_resolution/ALOS_DEM_12.5m/TIF/江西.tif,/mnt/yundisk/landcover100DB/DEM/high_resolution/alos_dem/江西/江西.tif,,
DEM高程数据,高分辨率DEM数据,12.5米ALOS_DEM,DEM_ALOS_12m_HEB,landcover100_resample_china,ALOS_DEM_CHINA_GEOSERVER,int16,12,3,3,F:/landcover100_com_DB/DEM/high_resolution/ALOS_DEM_12.5m/TIF/河北.tif,/mnt/yundisk/landcover100DB/DEM/high_resolution/alos_dem/河北/河北.tif,,
DEM高程数据,高分辨率DEM数据,12.5米ALOS_DEM,DEM_ALOS_12m_HN,landcover100_resample_china,ALOS_DEM_CHINA_GEOSERVER,int16,12,3,3,F:/landcover100_com_DB/DEM/high_resolution/ALOS_DEM_12.5m/TIF/河南.tif,/mnt/yundisk/landcover100DB/DEM/high_resolution/alos_dem/河南/河南.tif,,
DEM高程数据,高分辨率DEM数据,12.5米ALOS_DEM,DEM_ALOS_12m_ZJ,landcover100_resample_china,ALOS_DEM_CHINA_GEOSERVER,int16,12,3,3,F:/landcover100_com_DB/DEM/high_resolution/ALOS_DEM_12.5m/TIF/浙江.tif,/mnt/yundisk/landcover100DB/DEM/high_resolution/alos_dem/浙江/浙江.tif,,
DEM高程数据,高分辨率DEM数据,12.5米ALOS_DEM,DEM_ALOS_12m_HAN,landcover100_resample_china,ALOS_DEM_CHINA_GEOSERVER,int16,12,3,3,F:/landcover100_com_DB/DEM/high_resolution/ALOS_DEM_12.5m/TIF/海南.tif,/mnt/yundisk/landcover100DB/DEM/high_resolution/alos_dem/海南/海南.tif,,
DEM高程数据,高分辨率DEM数据,12.5米ALOS_DEM,DEM_ALOS_12m_HUB,landcover100_resample_china,ALOS_DEM_CHINA_GEOSERVER,int16,12,3,3,F:/landcover100_com_DB/DEM/high_resolution/ALOS_DEM_12.5m/TIF/湖北.tif,/mnt/yundisk/landcover100DB/DEM/high_resolution/alos_dem/湖北/湖北.tif,,
DEM高程数据,高分辨率DEM数据,12.5米ALOS_DEM,DEM_ALOS_12m_HUN,landcover100_resample_china,ALOS_DEM_CHINA_GEOSERVER,int16,12,3,3,F:/landcover100_com_DB/DEM/high_resolution/ALOS_DEM_12.5m/TIF/湖南省.tif,/mnt/yundisk/landcover100DB/DEM/high_resolution/alos_dem/湖南省/湖南省.tif,,
DEM高程数据,高分辨率DEM数据,12.5米ALOS_DEM,DEM_ALOS_12m_AM,landcover100_resample_china,ALOS_DEM_CHINA_GEOSERVER,int16,12,3,3,F:/landcover100_com_DB/DEM/high_resolution/ALOS_DEM_12.5m/TIF/澳门.tif,/mnt/yundisk/landcover100DB/DEM/high_resolution/alos_dem/澳门/澳门.tif,,
DEM高程数据,高分辨率DEM数据,12.5米ALOS_DEM,DEM_ALOS_12m_GS,landcover100_resample_china,ALOS_DEM_CHINA_GEOSERVER,int16,12,3,3,F:/landcover100_com_DB/DEM/high_resolution/ALOS_DEM_12.5m/TIF/甘肃.tif,/mnt/yundisk/landcover100DB/DEM/high_resolution/alos_dem/甘肃/甘肃.tif,,
DEM高程数据,高分辨率DEM数据,12.5米ALOS_DEM,DEM_ALOS_12m_FJ,landcover100_resample_china,ALOS_DEM_CHINA_GEOSERVER,int16,12,3,3,F:/landcover100_com_DB/DEM/high_resolution/ALOS_DEM_12.5m/TIF/福建.tif,/mnt/yundisk/landcover100DB/DEM/high_resolution/alos_dem/福建/福建.tif,,
DEM高程数据,高分辨率DEM数据,12.5米ALOS_DEM,DEM_ALOS_12m_XZ,landcover100_resample_china,ALOS_DEM_CHINA_GEOSERVER,int16,12,3,3,F:/landcover100_com_DB/DEM/high_resolution/ALOS_DEM_12.5m/TIF/西藏.tif,/mnt/yundisk/landcover100DB/DEM/high_resolution/alos_dem/西藏/西藏.tif,,
DEM高程数据,高分辨率DEM数据,12.5米ALOS_DEM,DEM_ALOS_12m_GZ,landcover100_resample_china,ALOS_DEM_CHINA_GEOSERVER,int16,12,3,3,F:/landcover100_com_DB/DEM/high_resolution/ALOS_DEM_12.5m/TIF/贵州.tif,/mnt/yundisk/landcover100DB/DEM/high_resolution/alos_dem/贵州/贵州.tif,,
DEM高程数据,高分辨率DEM数据,12.5米ALOS_DEM,DEM_ALOS_12m_LN,landcover100_resample_china,ALOS_DEM_CHINA_GEOSERVER,int16,12,3,3,F:/landcover100_com_DB/DEM/high_resolution/ALOS_DEM_12.5m/TIF/辽宁.tif,/mnt/yundisk/landcover100DB/DEM/high_resolution/alos_dem/辽宁/辽宁.tif,,
DEM高程数据,高分辨率DEM数据,12.5米ALOS_DEM,DEM_ALOS_12m_CQ,landcover100_resample_china,ALOS_DEM_CHINA_GEOSERVER,int16,12,3,3,F:/landcover100_com_DB/DEM/high_resolution/ALOS_DEM_12.5m/TIF/重庆.tif,/mnt/yundisk/landcover100DB/DEM/high_resolution/alos_dem/重庆/重庆.tif,,
DEM高程数据,高分辨率DEM数据,12.5米ALOS_DEM,DEM_ALOS_12m_SXS,landcover100_resample_china,ALOS_DEM_CHINA_GEOSERVER,int16,12,3,3,F:/landcover100_com_DB/DEM/high_resolution/ALOS_DEM_12.5m/TIF/陕西.tif,/mnt/yundisk/landcover100DB/DEM/high_resolution/alos_dem/陕西/陕西.tif,,
DEM高程数据,高分辨率DEM数据,12.5米ALOS_DEM,DEM_ALOS_12m_QH,landcover100_resample_china,ALOS_DEM_CHINA_GEOSERVER,int16,12,3,3,F:/landcover100_com_DB/DEM/high_resolution/ALOS_DEM_12.5m/TIF/青海.tif,/mnt/yundisk/landcover100DB/DEM/high_resolution/alos_dem/青海/青海.tif,,
DEM高程数据,高分辨率DEM数据,12.5米ALOS_DEM,DEM_ALOS_12m_XG,landcover100_resample_china,ALOS_DEM_CHINA_GEOSERVER,int16,12,3,3,F:/landcover100_com_DB/DEM/high_resolution/ALOS_DEM_12.5m/TIF/香港.tif,/mnt/yundisk/landcover100DB/DEM/high_resolution/alos_dem/香港/香港.tif,,
DEM高程数据,高分辨率DEM数据,12.5米ALOS_DEM,DEM_ALOS_12m_HLJ,landcover100_resample_china,ALOS_DEM_CHINA_GEOSERVER,int16,12,3,3,F:/landcover100_com_DB/DEM/high_resolution/ALOS_DEM_12.5m/TIF/黑龙江.tif,/mnt/yundisk/landcover100DB/DEM/high_resolution/alos_dem/黑龙江/黑龙江.tif,,
DEM高程数据,中分辨率DEM数据,TANX30米DEM,DEMTANX,landcover100_resample_china,TAN_DEM_geoserver,float32,30,4,3,F:/landcover100_com_DB/DEM/medium_resolution/TAN_DEM/TAN_DEM.tif,/mnt/yundisk/landcover100DB/DEM/medium_resolution/TAN_DEM/TAN_DEM.tif,https://geoserver.landcover100.com/geoserver/landcover100_resample_china/gwc/service/wmts?layer=landcover100_resample_china%3ATAN_DEM_geoserver&style=&tilematrixset=WebMercatorQuad&Service=WMTS&Request=GetTile&Version=1.0.0&Format=image%2Fjpeg&TileMatrix=4&TileCol=13&TileRow=6,
DEM高程数据,中分辨率DEM数据,30米Copernicus_DEM,Copernicus_DEM,landcover100_resample_china,Copernicus_DEM_server,int16,30,7,3,F:/landcover100_com_DB/DEM/medium_resolution/Copernicus_DEM/Copernicus_DEM.tif,/mnt/yundisk/landcover100DB/DEM/medium_resolution/Copernicus_DEM/Copernicus_DEM.tif,https://geoserver.landcover100.com/geoserver/landcover100_resample_china/gwc/service/wmts?layer=landcover100_resample_china%3ACopernicus_DEM_server&style=&tilematrixset=WebMercatorQuad&Service=WMTS&Request=GetTile&Version=1.0.0&Format=image%2Fjpeg&TileMatrix=5&TileCol=24&TileRow=10,
DEM高程数据,中分辨率DEM数据,30米SRTM_V3.0_DEM,SRTM_V3_DEM,landcover100_resample_china,SRTM_v3_DEM_geoserver,int16,30,6,3,F:/landcover100_com_DB/DEM/medium_resolution/SRTM_v3_DEM/SRTM_v3_DEM.tif,/mnt/yundisk/landcover100DB/DEM/medium_resolution/SRTM_v3_DEM/SRTM_v3_DEM.tif,https://geoserver.landcover100.com/geoserver/landcover100_resample_china/gwc/service/wmts?layer=landcover100_resample_china%3ASRTM_v3_DEM_geoserver&style=&tilematrixset=WebMercatorQuad&Service=WMTS&Request=GetTile&Version=1.0.0&Format=image%2Fjpeg&TileMatrix=5&TileCol=24&TileRow=12,
DEM高程数据,中分辨率DEM数据,30米ASTER_DEM,ASTER_DEM,landcover100_resample_china,Aster_DEM_CHINA_geoserver,int16,30,6,3,F:/landcover100_com_DB/DEM/medium_resolution/ASTER_DEM/mosaic/Aster_DEM_CHINA.tif,/mnt/yundisk/landcover100DB/DEM/medium_resolution/ASTER_DEM/Aster_DEM_CHINA.tif,https://geoserver.landcover100.com/geoserver/landcover100_resample_china/gwc/service/wmts?layer=landcover100_resample_china%3AAster_DEM_CHINA_geoserver&style=&tilematrixset=WebMercatorQuad&Service=WMTS&Request=GetTile&Version=1.0.0&Format=image%2Fjpeg&TileMatrix=6&TileCol=52&TileRow=24,
DEM高程数据,中分辨率DEM数据,30米AW3D30_V4,AW3D30_V4,landcover100_resample_china,AW3D3_30_CHINA_geoserver,int16,30,6,3,F:/landcover100_com_DB/DEM/medium_resolution/AW3D30_V4/mosaic/AW3D3_30_CHINA.tif,/mnt/yundisk/landcover100DB/DEM/medium_resolution/AW3D3_30/AW3D3_30_CHINA.tif,https://geoserver.landcover100.com/geoserver/landcover100_resample_china/gwc/service/wmts?layer=landcover100_resample_china%3AAW3D3_30_CHINA_geoserver&style=&tilematrixset=WebMercatorQuad&Service=WMTS&Request=GetTile&Version=1.0.0&Format=image%2Fjpeg&TileMatrix=6&TileCol=51&TileRow=26,
DEM高程数据,中分辨率DEM数据,30米NASA_DEM,NASA_DEM_30m,landcover100_resample_china,NASA_DEM_CHINA_geoserver,int16,30,6,3,F:/landcover100_com_DB/DEM/medium_resolution/NASA_DEM_30m/mosaic/NASA_DEM_CHINA.tif,/mnt/yundisk/landcover100DB/DEM/medium_resolution/NASA_DEM_30/NASA_DEM_CHINA.tif,https://geoserver.landcover100.com/geoserver/landcover100_resample_china/gwc/service/wmts?layer=landcover100_resample_china%3ANASA_DEM_CHINA_geoserver&style=&tilematrixset=WebMercatorQuad&Service=WMTS&Request=GetTile&Version=1.0.0&Format=image%2Fjpeg&TileMatrix=6&TileCol=50&TileRow=26,
